Simulated,Recovered,HCorr
1,1,0.714596471
1,2,-0.051888037
1,3,-0.049811714
1,4,-0.097673925
2,1,-0.068717859
2,2,0.73909957
2,3,-0.045140011
2,4,-0.125544602
3,1,-0.025231564
3,2,-0.045783418
3,3,0.739492829
3,4,-0.12202531
4,1,-0.108529536
4,2,-0.109333943
4,3,-0.131149293
4,4,0.768801054